"rt","stimulus","response","trial_type","trial_index","time_elapsed","internal_node_id","subject","date","time","prolificID","group"
"15409","
      <div style=""max-width: 800px; margin: 0 auto; text-align: left;"">
        <h1>Consent to Participate</h1>

        <p><strong>(Please scroll down to read all information.)</strong></p>
        
        <div style=""
          max-height: 300px;
          overflow-y: scroll;
          border: 1px solid #ccc;
          padding: 15px;
          margin-bottom: 20px;
        "">

        <p>
          This research study is being conducted by researchers from
          <strong>Columbia University</strong>.
        </p>

        <p>
          The purpose of this study is to get your impressions of people talking about themselves.
        </p>

        <p>
          Participation involves watching and responding to videos.
        </p>

        <p>
          Some materials may contain emotional content. If you feel uncomfortable,
          you may stop participating at any time without penalty.
        </p>

        <p>
          Your data will be collected anonymously and used only for research purposes.
        </p>

        <p>
          If you have questions, you may contact the research team at
          <a href=""mailto:columbia.freemanlab@gmail.com"">
            columbia.freemanlab@gmail.com</a>.
        </p>
        </div>

        <p><strong>Do you consent to participate in this study?</strong></p>
      </div>
    ","1","html-button-response","0","15411","0.0-0.0","gryybv83jpf9fcv","16-01-2026","16:17:54","unknown","Group_1"
